{"epoch": 0, "loss": 1.3878412246704102, "val_loss": 0.35770031809806824, "acc": 0.7070808410644531, "val_acc": 0.8897637724876404}
{"epoch": 1, "loss": 0.15054260194301605, "val_loss": 0.11567284166812897, "acc": 0.9511383771896362, "val_acc": 0.960629940032959}
{"epoch": 2, "loss": 0.05004323646426201, "val_loss": 0.06783852726221085, "acc": 0.9844272136688232, "val_acc": 0.960629940032959}
{"epoch": 3, "loss": 0.01996004767715931, "val_loss": 0.056420084089040756, "acc": 0.9944332838058472, "val_acc": 0.9685039520263672}
{"epoch": 4, "loss": 0.008498584851622581, "val_loss": 0.05510243773460388, "acc": 0.9981629848480225, "val_acc": 0.960629940032959}
{"epoch": 5, "loss": 0.003800555132329464, "val_loss": 0.062286846339702606, "acc": 0.9994155168533325, "val_acc": 0.960629940032959}
{"epoch": 6, "loss": 0.0017520319670438766, "val_loss": 0.05495915561914444, "acc": 0.9998886585235596, "val_acc": 0.9685039520263672}
{"epoch": 7, "loss": 0.0008053808123804629, "val_loss": 0.06069514527916908, "acc": 1.0, "val_acc": 0.9763779640197754}
{"epoch": 8, "loss": 0.00037155498284846544, "val_loss": 0.05132941156625748, "acc": 1.0, "val_acc": 0.9763779640197754}
{"epoch": 9, "loss": 0.00016933592269197106, "val_loss": 0.05170982703566551, "acc": 1.0, "val_acc": 0.9763779640197754}
{"epoch": 10, "loss": 7.686815661145374e-05, "val_loss": 0.05450132116675377, "acc": 1.0, "val_acc": 0.9763779640197754}
{"epoch": 11, "loss": 3.608062252169475e-05, "val_loss": 0.05459503084421158, "acc": 1.0, "val_acc": 0.9842519760131836}
{"epoch": 12, "loss": 1.598739982000552e-05, "val_loss": 0.05471421405673027, "acc": 1.0, "val_acc": 0.9763779640197754}
{"epoch": 13, "loss": 7.157939307944616e-06, "val_loss": 0.054046593606472015, "acc": 1.0, "val_acc": 0.9763779640197754}
{"epoch": 14, "loss": 3.0856713237881195e-06, "val_loss": 0.05023297294974327, "acc": 1.0, "val_acc": 0.9842519760131836}
{"epoch": 15, "loss": 1.3537890026782406e-06, "val_loss": 0.05146972835063934, "acc": 1.0, "val_acc": 0.9921259880065918}
{"epoch": 16, "loss": 6.071110760785814e-07, "val_loss": 0.05479962378740311, "acc": 1.0, "val_acc": 0.9921259880065918}
{"epoch": 17, "loss": 2.594382237930404e-07, "val_loss": 0.05422317981719971, "acc": 1.0, "val_acc": 0.9921259880065918}
{"epoch": 18, "loss": 1.3354949146560102e-07, "val_loss": 0.057181764394044876, "acc": 1.0, "val_acc": 0.9921259880065918}
{"epoch": 19, "loss": 6.421474552098516e-08, "val_loss": 0.05799299478530884, "acc": 1.0, "val_acc": 0.9921259880065918}
{"epoch": 20, "loss": 3.566349704442473e-08, "val_loss": 0.06311368197202682, "acc": 1.0, "val_acc": 0.9921259880065918}
{"epoch": 21, "loss": 2.176773783446606e-08, "val_loss": 0.07005217671394348, "acc": 1.0, "val_acc": 0.9921259880065918}
{"epoch": 22, "loss": 1.3763076012196507e-08, "val_loss": 0.07447554171085358, "acc": 1.0, "val_acc": 0.9921259880065918}
{"epoch": 23, "loss": 9.92746684858048e-09, "val_loss": 0.07566919177770615, "acc": 1.0, "val_acc": 0.9921259880065918}
{"epoch": 24, "loss": 7.120436684715514e-09, "val_loss": 0.07738777995109558, "acc": 1.0, "val_acc": 0.9921259880065918}
